Time,data
1652390010.7319894,-0.760358488372978
1652390010.8314462,-0.7254520233662876
1652390010.9196415,-0.691498966610267
1652390011.0176291,-0.6581067170960377
1652390011.108834,-0.6256344328779093
1652390011.3137572,-0.5883033515982596
1652390011.3569288,-0.5624091962602419
1652390011.4045765,-0.5353504016997964
1652390011.4925148,-0.508021580364178
1652390011.5917747,-0.483580986749592
1652390011.680132,-0.46137694327996165
1652390011.826499,-0.43992788490014556
1652390011.889337,-0.4226016959878127
1652390011.9766324,-0.40535366448683097
1652390012.0747628,-0.39128578957014165
1652390012.1751492,-0.378415786557249
1652390012.2616193,-0.36596164582766433
1652390012.3601387,-0.3554108397550051
1652390012.4502017,-0.3457518292883895
1652390012.6456254,-0.33604712635713135
1652390012.688105,-0.3296185462204867
1652390012.7567947,-0.32271393212808513
1652390012.8333085,-0.31711460126527125
1652390012.9297807,-0.3120322133126559
1652390013.0182965,-0.3065421445136195
1652390013.1166544,-0.3010184721300087
1652390013.2599669,-0.2970250386071657
1652390013.3142374,-0.293838362741067
1652390013.4138653,-0.29014942687124634
1652390013.5113385,-0.28723309898343585
1652390013.5995092,-0.2847759667617943
1652390013.6924698,-0.2820324322847622
1652390013.792609,-0.2803509080857798
1652390013.8859243,-0.2788134653109964
1652390013.9769576,-0.2784111303742763
1652390014.082965,-0.2783119646521105
1652390014.1819978,-0.27769380489495554
1652390014.2698407,-0.2768193820152849
1652390014.3707669,-0.27735289316095596
1652390014.4580445,-0.2784118064992208
1652390014.547064,-0.280060053097601
1652390014.6536953,-0.2817284587608917
1652390014.7527707,-0.28256241133384263
1652390014.840415,-0.28407848857533946
1652390014.9405844,-0.2855532264949947
1652390015.0314236,-0.2871286070692165
1652390015.1293385,-0.2884366159949114
1652390015.216987,-0.28968641234766784
1652390015.3159773,-0.290663131455101
1652390015.511771,-0.29127659833848396
1652390015.555259,-0.29212601507666736
1652390015.6112509,-0.2928644109101328
1652390015.7005277,-0.2932908004590285
1652390015.798684,-0.2935057561009476
1652390015.8863165,-0.2940569669782294
1652390015.9860675,-0.29437420087834987
1652390016.0747492,-0.2940649792323236
1652390016.1820986,-0.29372534974175046
1652390016.2809134,-0.29388103348404404
1652390016.373228,-0.29426013982575183
1652390016.4731104,-0.29524759919740917
1652390016.5629056,-0.2965567054425806
1652390016.6509962,-0.2977416931400837
1652390016.751045,-0.2988370874809844
1652390016.8401442,-0.3002479565922945
1652390016.947977,-0.3016719797204896
1652390017.1502473,-0.3039033399910683
1652390017.2436519,-0.3068207590738778
1652390017.3251665,-0.31040297599600036
1652390017.4148092,-0.3134588701414062
1652390017.5118349,-0.31605047197894065
1652390017.6247132,-0.3188929950581322
1652390017.7098851,-0.32140964231913566
1652390017.8098247,-0.3238395499948289
1652390017.895845,-0.3269037512689609
1652390017.9951591,-0.3293126929035378
1652390018.1742804,-0.33073255289116293
1652390018.2160082,-0.33421056554043554
1652390018.2911894,-0.3370704308527279
1652390018.379157,-0.3400485274694046
1652390018.468269,-0.3437826590536788
1652390018.5660322,-0.3462050273957159
1652390018.6537817,-0.34913156329437517
1652390018.7878244,-0.3524832891771637
1652390018.8634622,-0.3545743670066189
1652390018.9520786,-0.3565519674765748
1652390019.0401936,-0.3585356328593484
1652390019.1393971,-0.3599025150298628
1652390019.2275999,-0.36155329770939565
1652390019.335632,-0.3628592644436382
1652390019.4356465,-0.36533590007736505
1652390019.5227568,-0.36804359501604966
1652390019.7087824,-0.36986868863637284
1652390019.7513452,-0.3737784709683337
1652390019.8102794,-0.37728407242309664
1652390019.8986213,-0.38232732429012
1652390019.9958665,-0.3864563983022191
1652390020.0967426,-0.39075212179223023
1652390020.1945653,-0.3952899316116959
1652390020.2938735,-0.40087798506056765
1652390020.3946729,-0.40574857021545235
1652390020.4813623,-0.41031494361842846
1652390020.5713968,-0.41536659162344863
1652390020.6685321,-0.4198157146379039
1652390020.7599552,-0.4231046776157423
1652390020.8572981,-0.42704020093046796
1652390021.0410655,-0.4303889921937632
1652390021.0908954,-0.4342974926738768
1652390021.1514688,-0.43818539662854356
1652390021.2405026,-0.4417265194061253
1652390021.3399827,-0.44532933060776886
1652390021.4313576,-0.44943257976912726
1652390021.5400462,-0.45321742798064535
1652390021.6292062,-0.4578658198343419
1652390021.7252035,-0.46109245210815736
1652390021.81445,-0.4649855763569427
1652390021.913964,-0.46885974096545235
1652390022.0019228,-0.4733802447611774
1652390022.0984025,-0.47685983700569695
1652390022.1884012,-0.47949101955903345
1652390022.297152,-0.4811647975349621
1652390022.395855,-0.4835858041337593
1652390022.4834402,-0.4862479869887587
1652390022.6804428,-0.4890440518843719
1652390022.722818,-0.4927341624836502
1652390022.7671502,-0.4968683610116895
1652390022.8567593,-0.5011989798059041
1652390022.9664445,-0.5054073994671442
1652390023.0633943,-0.5096064021124319
1652390023.1520941,-0.5138957262174939
1652390023.2518377,-0.5184438690876217
1652390023.3496807,-0.5231415128534961
1652390023.4387524,-0.5266397805465368
1652390023.5356774,-0.529899482412467
1652390023.6231892,-0.5322626993932849
1652390023.8052506,-0.5338721540626632
1652390023.8477235,-0.5373975330304879
1652390023.921261,-0.5410112494022045
1652390024.0179265,-0.5447375906020455
1652390024.1059635,-0.5480939892876223
1652390024.204405,-0.5517305383015317
1652390024.294216,-0.5556662126475232
1652390024.3920677,-0.5584185461548195
1652390024.5224373,-0.5592522259851931
1652390024.5892568,-0.5613939511338889
1652390024.6872535,-0.5630003646309604
1652390024.776058,-0.5646902556089299
1652390024.8641512,-0.5657581778294198
1652390024.9637058,-0.5665656352380678
1652390025.0725982,-0.5668818478810286
1652390025.1620293,-0.5675278606579491
1652390025.259486,-0.5697117078556613
1652390025.3465812,-0.5731403752507296
1652390025.4470854,-0.5759097545661507
1652390025.5358222,-0.5786308593515191
1652390025.6343796,-0.5798669289810435
1652390025.7341883,-0.5812838644934167
1652390025.8415003,-0.5826554988209489
1652390025.9298556,-0.58512643683956
1652390026.0282218,-0.5881248975136129
1652390026.1176922,-0.5906081877871656
1652390026.216342,-0.5929218729952934
1652390026.3051698,-0.5941618596973735
1652390026.4018679,-0.5964306714924886
1652390026.492291,-0.5986498578021057
1652390026.6065483,-0.6001743779069443
1652390026.6961987,-0.601479137540976
1652390026.7924244,-0.6021250038889987
1652390026.882391,-0.602532461247827
1652390026.9796088,-0.603422411052537
1652390027.068348,-0.6052037246197183
1652390027.1580791,-0.6061328965139081
1652390027.2894087,-0.6074654349608144
1652390027.3642018,-0.6099749888014523
1652390027.451621,-0.6128996954345051
1652390027.550442,-0.6141876207521872
1652390027.6386046,-0.6158530647773027
1652390027.7384048,-0.6172927247367759
1652390027.8277767,-0.6204945970105096
1652390027.9349344,-0.6242695250832514
1652390028.2090974,-0.6235633076106096
1652390028.2136464,-0.6286201920918865
1652390028.3103762,-0.6321626485958081
1652390028.5171845,-0.6337159197526983
1652390028.519906,-0.6386416506779092
1652390028.6015003,-0.6437964568744572
1652390028.6994014,-0.6466621061257444
1652390028.7863333,-0.6496896023252772
1652390028.886943,-0.6527589908142213
1652390028.974136,-0.6580453958345229
1652390029.1307833,-0.6611709365875277
1652390029.181683,-0.665949391110243
1652390029.2689276,-0.6696790653711276
1652390029.367739,-0.6731589350215498
1652390029.4577525,-0.6781660941623203
1652390029.5568337,-0.681621331362779
1652390029.644094,-0.6848741726643713
1652390029.7435408,-0.6889939459756297
1652390029.8308904,-0.6920209263357487
1652390029.9509242,-0.6939792774557832
1652390030.0386477,-0.6996013143899928
1652390030.1370726,-0.7031489667720043
1652390030.2273927,-0.708005788128638
1652390030.324048,-0.715021398285487
1652390030.4127676,-0.7236278665577539
1652390030.511212,-0.729982343843778
1652390030.600007,-0.7387491814712317
1652390030.7714467,-0.7441868954191071
1652390030.8183193,-0.7485438389039166
1652390030.8959415,-0.7493948761194918
1652390030.9923568,-0.7487489481709412
1652390031.0843618,-0.7486548688105241
1652390031.1808252,-0.752097847941966
1652390031.2699904,-0.7581735200127918
1652390031.488,-0.760018789571186
1652390031.4930532,-0.7649273564305141
1652390031.56788,-0.7680505128866194
1652390031.6608,-0.7729918994404693
1652390031.7488244,-0.7769562112947153
1652390031.8480735,-0.7804811174847018
1652390031.935283,-0.7842438235950404
1652390032.0341322,-0.7859983392080915
1652390032.2020965,-0.7887010877021797
1652390032.2432199,-0.791848301150188
1652390032.330395,-0.7949205314155416
1652390032.429065,-0.7985291723829411
1652390032.5200179,-0.8035554381660067
1652390032.605087,-0.809270254571
1652390032.7022552,-0.8135892704076488
1652390032.7926877,-0.8204235212088882
1652390032.918722,-0.8262426660352483
1652390032.99972,-0.8366081516207242
1652390033.0868459,-0.8453300975595032
1652390033.1848395,-0.8525138228080276
1652390033.272013,-0.8585086240979414
1652390033.4320402,-0.8632503458006466
1652390033.4803638,-0.8690658572275007
1652390033.7392757,-0.8732909101344681
1652390033.7603202,-0.8806653678952615
1652390033.8502755,-0.8871371031883548
1652390034.045209,-0.8929659676067488
1652390034.0562303,-0.9026141123870228
1652390034.1470814,-0.9092866686912131
1652390034.2338684,-0.9150465026396571
1652390034.3318768,-0.9155776489467337
1652390034.4189966,-0.9151493012413908
1652390034.5203373,-0.9153304159881317
1652390034.660774,-0.9171353398296563
1652390034.7174351,-0.9234458923348835
1652390034.8144417,-0.9312344358467937
1652390034.9023552,-0.9337177375751102
1652390035.001016,-0.9371527646553488
1652390035.100077,-0.9394252988685902
1652390035.1884654,-0.9442014524487227
1652390035.286646,-0.9505604857610209
1652390035.3756194,-0.9560897868633852
1652390035.48588,-0.9628880523674191
1652390035.5811205,-0.9619168804466406
1652390035.6717083,-0.9610253945130459
1652390035.759684,-0.23722200143162106
1652390035.8619866,-0.23543975294224534
1652390035.9918418,-0.23364601429542228
1652390036.0556214,-0.23231648055073292
1652390036.1545565,-0.23073483890236382
1652390036.240561,-0.22768693504291365
1652390036.3405323,-0.22621282148139582
1652390036.4298267,-0.22543065650728755
1652390036.5374293,-0.22568772284371538
1652390036.6352055,-0.22579606123156434
1652390036.7222073,-0.22576683168553976
1652390036.821505,-0.2264261265206834
1652390036.908826,-0.22756060256595173
1652390037.0096943,-0.22862867989037758
1652390037.0953968,-0.22793447571197276
1652390037.2032135,-0.22836015378861088
1652390037.3002906,-0.2288328728775027
1652390037.390041,-0.22910062363717967
1652390037.489333,-0.22986039165256855
1652390037.5779045,-0.23109994621357194
1652390037.6755726,-0.2322022421771433
1652390037.8356223,-0.23303905219453255
1652390037.8788252,-0.2334695322062004
1652390037.9708025,-0.23366848710132831
1652390038.0565684,-0.23392230587075927
1652390038.1558564,-0.2338847612455606
1652390038.2437737,-0.23345226450350592
1652390038.3405223,-0.23330795810161076
1652390038.4514785,-0.23360807535747447
1652390038.5395443,-0.23421729296503477
1652390038.6367502,-0.23515438507999917
1652390038.7248144,-0.23536025577164918
1652390038.8227284,-0.23687324086147682
1652390038.92522,-0.23739698851213334
1652390039.0096164,-0.23803883928718883
1652390039.1077967,-0.23899231366619925
1652390039.299859,-0.24015651678800756
1652390039.3998218,-0.24157334237048364
1652390039.4862251,-0.2428767529817444
1652390039.586158,-0.24346201731511355
1652390039.6765926,-0.24407475408771215
1652390039.7722466,-0.2448784115353323
1652390039.8807745,-0.2459825633899185
1652390039.9700441,-0.24732408959519347
1652390040.069217,-0.2484617755517479
1652390040.1563427,-0.24901630478696848
1652390040.2554522,-0.24950245659615944
1652390040.3432674,-0.2500956938086721
1652390040.4543104,-0.2501512557773444
1652390040.5498047,-0.2501685466674312
1652390040.6402738,-0.25002238627129497
1652390040.7369368,-0.2503547680903023
1652390040.8265064,-0.2507881884462262
1652390040.9255993,-0.2506169713722307
1652390041.016468,-0.2505647773241324
1652390041.111994,-0.25012238427869915
1652390041.3157806,-0.24962468611302205
1652390041.3593435,-0.2491876956440884
1652390041.4086068,-0.2487306915833279
1652390041.4986074,-0.24815999362353144
1652390041.5873535,-0.24818065000076345
1652390041.6857214,-0.24828897979731124
1652390041.7925613,-0.24809605040339114
1652390041.8860605,-0.24809095506102155
1652390041.9783845,-0.24830034805123186
1652390042.0671055,-0.248312713320268
1652390042.1664112,-0.24793407401257234
1652390042.2552366,-0.24793776627558983
1652390042.4415083,-0.24788550790426514
1652390042.4876215,-0.24788744039044702
1652390042.5540628,-0.24784874737095208
1652390042.6504707,-0.24754022104045767
1652390042.738157,-0.24742713300347408
1652390042.8350332,-0.2468667658442164
1652390042.9250827,-0.24624735857397417
1652390043.0239372,-0.24611873399873851
1652390043.131536,-0.24544703555579858
1652390043.2201066,-0.24488527191934512
1652390043.3200128,-0.24447699379809332
1652390043.4095197,-0.24380367379216805
1652390043.5064712,-0.24314738469236785
1652390043.5949202,-0.24261445510656726
1652390043.6925426,-0.2418768811294016
1652390043.7806985,-0.2411452337604157
1652390043.9776201,-0.2407063190330547
1652390044.0198746,-0.24068088199129392
1652390044.082421,-0.24056931113882538
1652390044.1761134,-0.24085086542302117
1652390044.2628264,-0.2411421724940262
1652390044.371006,-0.24125377117770855
1652390044.4610205,-0.2413227115975613
1652390044.5599923,-0.24179849385953545
1652390044.6508088,-0.2421352858482782
1652390044.7457178,-0.24244842864470423
1652390044.844325,-0.24286862553992228
1652390044.9324074,-0.24309646948211427
1652390045.0316615,-0.2435781452455422
1652390045.1402106,-0.2438612865076765
1652390045.2294488,-0.24370878592486125
1652390045.328029,-0.2437338268053925
1652390045.414813,-0.24378860268187574
1652390045.5151012,-0.24399888072125359
1652390045.6024966,-0.24416012551951127
1652390045.7011032,-0.24379243719111557
1652390045.8019197,-0.2430345719211301
1652390045.9017608,-0.24266654666628726
1652390045.9871197,-0.24235206665537423
1652390046.0840375,-0.24165023036084252
1652390046.1745048,-0.2410576066909455
1652390046.2738857,-0.24106878063926573
1652390046.3810408,-0.24109112054276663
1652390046.4699926,-0.24109285531709032
1652390046.5690138,-0.2413440155690268
1652390046.6579328,-0.2418860464304499
1652390046.7560668,-0.2423278972664323
1652390046.8444376,-0.24279186002325193
1652390046.9476628,-0.24349770563374437
1652390047.0319924,-0.24392518183936066
1652390047.1526816,-0.24438690458529888
1652390047.2381566,-0.2445554918494322
1652390047.324564,-0.24465858924196238
1652390047.4263453,-0.2450493215387329
1652390047.5143661,-0.24535317587966293
1652390047.612523,-0.24526018920235917
1652390047.700159,-0.2456383288342859
1652390047.8007176,-0.2462095880641328
1652390047.8984451,-0.24669160103223162
1652390048.074262,-0.2469336195475283
1652390048.1237242,-0.24721516538097557
1652390048.1968436,-0.2473788700560692
1652390048.286216,-0.24728472384153427
1652390048.3823338,-0.2470121772121325
1652390048.4689996,-0.24698021205836287
1652390048.5667636,-0.24725227726553264
1652390048.6581552,-0.24800413828377427
1652390048.7925556,-0.24822378419777313
1652390048.8634481,-0.24804174845275634
1652390048.9538376,-0.24796270446541885
1652390049.0501928,-0.2481886159264151
1652390049.1375258,-0.24810538744013103
1652390049.2370605,-0.24808312753978104
1652390049.3315024,-0.24813291392058928
1652390049.4351265,-0.2479304513807024
1652390049.5334513,-0.2475834993781051
1652390049.626191,-0.24711590031588623
1652390049.7226734,-0.24659204261028186
1652390049.8110175,-0.24612385010596377
1652390049.9101794,-0.24625091200655455
1652390049.9994426,-0.24644279763084986
1652390050.123518,-0.2466393231809252
1652390050.1866698,-0.24664226329449984
1652390050.2844298,-0.24650855375717529
1652390050.3930454,-0.24656038709387895
1652390050.4822264,-0.2465320293942799
1652390050.636536,-0.24676544523596117
1652390050.6804047,-0.24659815733511414
1652390050.7559974,-0.24623418504989333
1652390050.8667219,-0.24576835636962976
1652390050.96508,-0.245136087657733
1652390051.053995,-0.2447978291188235
1652390051.154617,-0.24457565919448465
1652390051.238369,-0.24454908095600103
1652390051.337834,-0.24440743996714107
1652390051.4360874,-0.24419001917538055
1652390051.524892,-0.24396069833105286
1652390051.62304,-0.2437767333392488
1652390051.7302747,-0.2439010130983111
1652390051.8192964,-0.24391969138060082
1652390051.9160233,-0.24426118288057966
1652390052.0034466,-0.2444745134854376
1652390052.1031842,-0.2446566930859699
1652390052.1920478,-0.2445603139373631
1652390052.2917485,-0.24400041854969687
1652390052.3991628,-0.24368533904859596
1652390052.4872835,-0.24362429287831372
1652390052.5875921,-0.24323740546690073
1652390052.6754801,-0.2430942157408243
1652390052.774519,-0.24288175297997053
1652390052.8622994,-0.2426908194240862
1652390052.9620028,-0.24259120080043867
1652390053.0514946,-0.24286603637147283
1652390053.1959498,-0.24343409418019185
1652390053.2613866,-0.24335374270612223
1652390053.3551478,-0.24320010549100246
1652390053.4442902,-0.2435756792621999
1652390053.530745,-0.24345628788042112
1652390053.630412,-0.24333120790249435
1652390053.7421267,-0.24338120416445752
1652390053.8307407,-0.2431164108424933
1652390053.9279115,-0.24327709721676913
1652390054.0178988,-0.24352236772688463
1652390054.117182,-0.24334008920363748
1652390054.20532,-0.24301605937665083
1652390054.3042736,-0.24269500146465148
1652390054.3913465,-0.24275496108737385
1652390054.49096,-0.24323796902512468
1652390054.6006274,-0.24308783992486296
1652390054.6898165,-0.2426513950471687
1652390054.787101,-0.24263945010902466
1652390054.8745437,-0.24203596233487049
1652390054.9735472,-0.24188421830697265
1652390055.060479,-0.2420879833425554
1652390055.1600904,-0.24219948486936407
1652390055.2600222,-0.24250991118045248
1652390055.3580601,-0.24296544947907586
1652390055.4469433,-0.24325135098225117
1652390055.542645,-0.2438131453825557
1652390055.6311526,-0.24429949857525562
1652390055.7311277,-0.24455543056243104
1652390055.840307,-0.24493774138559235
1652390055.9369001,-0.2450425642287232
1652390056.0246239,-0.24496167392377552
1652390056.1157203,-0.24497443577528802
1652390056.2122014,-0.24498881256646282
1652390056.301537,-0.2452487347204068
1652390056.4005666,-0.24530385232656896
1652390056.5752232,-0.2454468879539955
1652390056.620333,-0.24579849596962863
1652390056.6941679,-0.24606749838848266
1652390056.7851918,-0.24649353296916282
1652390056.8824394,-0.24659022510996553
1652390056.9755006,-0.246450753666006
1652390057.0683186,-0.2460335438817061
1652390057.162686,-0.24570968076442667
1652390057.2715135,-0.24538776503776896
1652390057.3594027,-0.24524700465009497
1652390057.4591603,-0.2450785735897576
1652390057.5579085,-0.24515263232334086
1652390057.644084,-0.24469966621625616
1652390057.7420194,-0.2444110880657339
1652390057.8406975,-0.2443959264563894
1652390057.9288192,-0.24452991644071168
1652390058.0296648,-0.24459328371129488
1652390058.1365101,-0.2447237632336641
1652390058.2243416,-0.2450665542012871
1652390058.3236275,-0.2453252763647449
1652390058.4125996,-0.24532706990050995
1652390058.5098996,-0.24544238996505519
1652390058.5992048,-0.24578389050767452
1652390058.6974547,-0.24628854091605704
1652390058.8282444,-0.2469303985356796
1652390058.8966534,-0.24716968461523545
1652390058.9936647,-0.24743775960658349
1652390059.0802257,-0.24746219307706332
1652390059.1689942,-0.24718312063021977
1652390059.2680957,-0.24708133830702747
1652390059.3662786,-0.24666056518491758
1652390059.4749959,-0.24594975612575692
1652390059.5640163,-0.24490046468306156
1652390059.6634142,-0.24442275693376037
1652390059.7511473,-0.2443343225837513
1652390059.849578,-0.24379673908618166
1652390059.93744,-0.24305042955841732
1652390060.0353935,-0.24249384883081262
1652390060.124382,-0.24198612625144383
1652390060.2598515,-0.24157064446131465
1652390060.3306086,-0.24140162653810898
1652390060.419852,-0.24076989497939663
1652390060.5156567,-0.24026039557150397
1652390060.605239,-0.2404529505217232
1652390060.7042205,-0.24031930010665106
1652390060.791741,-0.24057234331937313
1652390060.9771852,-0.2405438958577435
1652390061.0191493,-0.24045732110288828
1652390061.0878172,-0.2405197716811287
1652390061.1881905,-0.2408093936651695
1652390061.2744737,-0.2411635770637255
1652390061.3726525,-0.2414771191461271
1652390061.4612362,-0.2419388985608247
1652390061.5917118,-0.24182358705824034
1652390061.6684542,-0.2416579729271519
1652390061.757527,-0.2415398401522799
1652390061.8606327,-0.24145471612332053
1652390061.9414823,-0.2416872334355243
1652390062.0366743,-0.24176557875738275
1652390062.1347404,-0.24191794682811338
1652390062.224379,-0.24171475739385978
1652390062.3331935,-0.24132514548499953
1652390062.4305449,-0.2407923582577762
1652390062.5289378,-0.24023396336675434
1652390062.616409,-0.24019365115141017
1652390062.716575,-0.24026594656189634
1652390062.802004,-0.2407285249079191
1652390062.9002435,-0.24142483556293234
1652390062.991381,-0.24164566111331048
1652390063.0891168,-0.24199088921925957
1652390063.1873262,-0.24206468014241952
1652390063.3328598,-0.2420079649953064
1652390063.3845255,-0.24233056935583774
1652390063.4733021,-0.2426082838947222
1652390063.5717387,-0.24268844383155175
1652390063.660937,-0.24303634780629096
1652390063.84476,-0.24297101267594212
1652390063.8898623,-0.2432254974022278
1652390063.9596577,-0.24340888953965917
1652390064.0561264,-0.24338592472301857
1652390064.140467,-0.2433267164668556
1652390064.2287052,-0.2430154446608026
1652390064.3562355,-0.243275363407334
1652390064.4384124,-0.24337188264361775
1652390064.5359983,-0.2434434201200452
1652390064.6260097,-0.243395338668253
1652390064.722581,-0.24337299806385618
1652390064.8110359,-0.24328860050005893
1652390064.9004412,-0.24291000148805192
1652390064.9996867,-0.24255078452719372
1652390065.1758049,-0.2424236107767128
1652390065.2208312,-0.24213700673932212
1652390065.2978404,-0.242035010003915
1652390065.3867977,-0.24178376454213604
1652390065.4844742,-0.24179793428353558
1652390065.5793936,-0.24148346949004562
1652390065.6715395,-0.2413705606061417
1652390065.7590032,-0.24155574179305098
1652390065.8912401,-0.2419283811165569
1652390065.9689114,-0.24208189976560263
1652390066.0583615,-0.24222897907527716
1652390066.1549387,-0.24205733033833737
1652390066.2426488,-0.24179674125167958
1652390066.3409374,-0.24136393038070936
1652390066.4293022,-0.24109495870818193
1652390066.5286767,-0.24062585267185863
1652390066.638692,-0.2404663762321539
1652390066.72676,-0.24055544556943959
1652390066.8240101,-0.24082554812966153
1652390066.9165473,-0.2406415908465062
1652390067.011648,-0.2406463468433239
1652390067.0976963,-0.24081124072079083
1652390067.1991854,-0.24083004807356612
1652390067.3260546,-0.24091833613408953
1652390067.3963578,-0.24065616130897652
1652390067.4918985,-0.24038479273035837
1652390067.581477,-0.24058207166052933
1652390067.6804125,-0.2404359279479871
1652390067.7674491,-0.24060413435468128
1652390067.8670447,-0.24069926067295036
1652390067.9749393,-0.24111155844609017
1652390068.0633614,-0.24140646361906506
1652390068.1610675,-0.2415622151719878
1652390068.2517571,-0.24167290130746352
1652390068.3519642,-0.24235591847170887
1652390068.43851,-0.2428898789820297
1652390068.539123,-0.24305363806413943
1652390068.6463308,-0.24319486204655133
1652390068.7341843,-0.24313633511714494
1652390068.8331687,-0.2431150070425578
1652390068.9190593,-0.24325570907311905
1652390069.0182586,-0.24313235432243693
1652390069.1102784,-0.24252132486973194
1652390069.204185,-0.24222538862237697
1652390069.3131654,-0.24216237293259754
1652390069.4015899,-0.24199969106155983
1652390069.5007539,-0.24191504847514744
1652390069.5936608,-0.24157454124651218
1652390069.6893156,-0.24138603064161243
1652390069.7762644,-0.24055799870164604
1652390069.8749292,-0.24031517284215895
1652390070.0902889,-0.24047652222794716
1652390070.0929165,-0.24109397319099896
1652390070.1597428,-0.24147022432337475
1652390070.2597015,-0.24167552040055817
1652390070.3471534,-0.2418737391242892
1652390070.445728,-0.24173758036439
1652390070.5563333,-0.2412129519784491
1652390070.6435475,-0.24051679333533446
1652390070.7434492,-0.23965802493617053
1652390070.831467,-0.23933998328232214
1652390070.9302218,-0.23897181332211018
1652390071.0193582,-0.2388453731568976
1652390071.1167424,-0.23889527886045847
1652390071.2048028,-0.23878286262258608
1652390071.3049421,-0.23870711463230007
1652390071.4238415,-0.23873089761890928
1652390071.510089,-0.23879790096992842
1652390071.5999715,-0.23868663803430581
1652390071.6985998,-0.2386379410958062
1652390071.7863514,-0.2381831409856274
1652390071.8866034,-0.2380892685292585
1652390072.0371025,-0.23820022529277304
1652390072.0804968,-0.23851856797189466
1652390072.172064,-0.2387824105505007
1652390072.269124,-0.23885123499980937
1652390072.3567064,-0.23888712731771589
1652390072.4580843,-0.23901485903868797
1652390072.5483446,-0.2392561050246929
1652390072.649646,-0.23876651859910836
1652390072.7324095,-0.23888895599756146
1652390072.8419683,-0.23922153575173988
1652390072.941075,-0.239263721368709
1652390073.0295117,-0.23954144087272317
1652390073.1261163,-0.23973625139359292
1652390073.2160661,-0.2399933164178369
1652390073.3162525,-0.2400163907822184
1652390073.471213,-0.24045205374966194
1652390073.5164347,-0.2410082883914462
1652390073.6093369,-0.24146009705118537
1652390073.6980932,-0.2416877186257722
1652390073.796468,-0.24171482815382492
1652390073.8866692,-0.24184260938550015
1652390074.0838654,-0.24169157133367172
1652390074.1283612,-0.24148880921559843
1652390074.1797378,-0.24122725455344352
1652390074.268774,-0.2413689231009491
1652390074.3659039,-0.24142653601063577
1652390074.4546282,-0.2413499526002143
1652390074.5537362,-0.24118959610768362
1652390074.661037,-0.24086439413765742
1652390074.7616785,-0.24068656037309444
1652390074.8497758,-0.24042714619157535
1652390074.9489787,-0.24033472793360802
1652390075.0393877,-0.24008039954991173
1652390075.1364605,-0.2400712902797774
1652390075.2245922,-0.23980580950168426
1652390075.3214686,-0.23946324038387234
1652390075.410381,-0.23954367906914906
1652390075.5199227,-0.23954123483902132
1652390075.619382,-0.2398059658955692
1652390075.7073724,-0.24013367724997767
1652390075.7979746,-0.24019652518250553
1652390075.893649,-0.24004914614406536
1652390075.9908507,-0.24004923270955225
1652390076.1317446,-0.2401881522101669
1652390076.187915,-0.240225998039838
1652390076.276686,-0.24062680337561368
1652390076.3748858,-0.24048160863172693
1652390076.467352,-0.24104888569709274
1652390076.57321,-0.24105010637623892
1652390076.7461832,-0.24086635069339804
1652390076.7927248,-0.24057296028887099
1652390076.8619845,-0.2406770878515845
1652390076.9503753,-0.24040111800339894
1652390077.0469093,-0.23974963509178107
1652390077.1356785,-0.23947282039011258
1652390077.233256,-0.2394091234768166
1652390077.331777,-0.23976047211672114
1652390077.432324,-0.2402707530080283
1652390077.520547,-0.24065721313598626
1652390077.6201394,-0.2408574307872317
1652390077.7076604,-0.24117048934309893
1652390077.8050735,-0.24129625866949073
1652390077.8945735,-0.24162850293702232
1652390077.9909954,-0.2419038010087202
1652390078.1010325,-0.24215191313992912
1652390078.2010837,-0.24257445454929802
1652390078.2888794,-0.2429304028305335
1652390078.3758545,-0.24377407786416497
1652390078.477131,-0.24430155303070183
1652390078.5627759,-0.24469009141028455
1652390078.6918314,-0.24511923828382334
1652390078.771782,-0.24506821418234803
1652390078.8604665,-0.24487745458443996
1652390078.9578695,-0.24423844592156815
1652390079.045694,-0.24407284291367745
1652390079.1462343,-0.24424247877824382
1652390079.2343037,-0.2446779614151751
1652390079.3328154,-0.2449459122498349
1652390079.4317753,-0.24516145714426857
1652390079.5193684,-0.24541013418113758
1652390079.7146547,-0.24510025196909593
1652390079.7631297,-0.24485403013361318
1652390079.8197627,-0.24512018460082716
1652390079.9082417,-0.24549920373393658
1652390079.9964728,-0.24569481447819222
1652390080.1274607,-0.24566133310847546
1652390080.2020352,-0.24573652093333684
1652390080.3009086,-0.24547757844875231
1652390080.3888931,-0.24524720238790074
1652390080.47758,-0.24483958257184815
1652390080.5781639,-0.24438063825889325
1652390080.742089,-0.2440798473806926
1652390080.7840438,-0.243659825179299
1652390080.8756208,-0.2428086444234344
1652390080.9629996,-0.24193783562567175
1652390081.0509326,-0.24169468890713855
1652390081.1509833,-0.24171086356502117
1652390081.2382696,-0.24133698875004395
1652390081.3471963,-0.24125854282834416
1652390081.4447365,-0.24177950182331442
1652390081.5335207,-0.24209385316943308
1652390081.629837,-0.24270471140356265
1652390081.719951,-0.2427376389295222
1652390081.8188083,-0.24283558374818462
1652390081.9082494,-0.24277347784483125
1652390082.0153005,-0.2428965786741199
1652390082.1146371,-0.24296881403216444
1652390082.199404,-0.24325649451676773
1652390082.2976105,-0.24357594742754676
1652390082.396914,-0.2436890800091392
1652390082.4831228,-0.2434973137705137
1652390082.582262,-0.24300711950755666
1652390082.6727133,-0.24262007853217554
1652390082.7875237,-0.24263573382945813
1652390082.881204,-0.24278483802501313
1652390082.9669878,-0.24294008375175696
1652390083.066209,-0.24281868869975226
1652390083.153697,-0.24269424374250803
1652390083.2983022,-0.24254551574677433
1652390083.3435402,-0.24230313551215205
1652390083.4420452,-0.2415748151865507
1652390083.5381715,-0.24090782180825454
1652390083.710103,-0.240443893572559
1652390083.756567,-0.2400021710830981
1652390083.824721,-0.23947457915133655
1652390083.923728,-0.238822686364066
1652390084.0124328,-0.23844278192943263
1652390084.2223577,-0.23823643764278016
1652390084.2248545,-0.23758878007523834
1652390084.3061736,-0.2373406842333765
1652390084.4057832,-0.23755791556624925
1652390084.4937408,-0.2381007690414744
1652390084.592114,-0.2386447834776836
1652390084.679554,-0.23953444326933812
1652390084.83565,-0.24003431466855724
1652390084.8878772,-0.24024397135481282
1652390084.9767535,-0.24049998163167216
1652390085.0747707,-0.24115343031250205
1652390085.1637328,-0.24186506740987326
1652390085.2622848,-0.24265110309623658
1652390085.3499966,-0.24336755927416415
1652390085.5080612,-0.24422864551722745
1652390085.553667,-0.2446385185357552
1652390085.6498497,-0.2447571684511603
1652390085.7360878,-0.24465673744134897
1652390085.834197,-0.24451248647226162
1652390085.923545,-0.24433014424826352
1652390086.0642674,-0.24431796891338303
1652390086.13262,-0.24438245064268166
1652390086.2194273,-0.24429103202809796
1652390086.3724515,-0.24417981102788025
1652390086.4199016,-0.24413469054486406
1652390086.5065691,-0.24378012889972572
1652390086.594119,-0.24343178278830394
1652390086.6936061,-0.24344912162759935
1652390086.7932298,-0.2436136972964243
1652390086.8913522,-0.2437425729787829
1652390086.9780846,-0.24366684860821414
1652390087.0761836,-0.24292807829281193
1652390087.1762862,-0.2426734384556512
1652390087.2633114,-0.24253053293388996
1652390087.360785,-0.24249638297430653
1652390087.4596589,-0.24239821041387444
1652390087.5494418,-0.24221981186243874
1652390087.7043898,-0.24226376939117242
1652390087.7470665,-0.24240454283496324
1652390087.8445086,-0.24260625348594253
1652390087.931764,-0.24278915681526306
1652390088.0306723,-0.2430771844470399
1652390088.119277,-0.24287715370510285
1652390088.2164369,-0.2427517329802031
1652390088.3170137,-0.24263368295038215
1652390088.4241743,-0.24264635004945181
1652390088.5108752,-0.24236272379700882
1652390088.6106012,-0.24201390616965726
1652390088.6985073,-0.2412906057081938
1652390088.7982726,-0.24010352163294488
1652390088.8879695,-0.2394357522894258
1652390088.9842918,-0.23894183089574567
1652390089.0945683,-0.2383514186189281
1652390089.1833138,-0.23770279491941732
1652390089.2812948,-0.23728248921420927
1652390089.367924,-0.23719892519315947
1652390089.456588,-0.23758365744318516
1652390089.5654209,-0.23795571902627935
1652390089.6659598,-0.23876026367154002
1652390089.7524679,-0.23947555351473065
1652390089.8521452,-0.2403855599915608
1652390089.9404047,-0.24131159404896316
1652390090.0377624,-0.2418549814038404
1652390090.130202,-0.24237651186802614
1652390090.2252228,-0.2431418514295609
1652390090.3359833,-0.24324996110284605
1652390090.4241424,-0.2434838006426102
1652390090.510499,-0.24343636319453932
1652390090.611335,-0.24263177599208954
1652390090.7000608,-0.2415938136740993
1652390090.7994626,-0.2404786782509465
1652390090.980278,-0.23977039548002288
1652390091.0276346,-0.23940869272794782
1652390091.0946395,-0.23964812725099888
1652390091.1862898,-0.24054901590644212
1652390091.2820241,-0.2410010281396061
1652390091.3706508,-0.24165179142324492
1652390091.4680061,-0.24227009395265034
1652390091.56791,-0.24255640689663704
1652390091.6641743,-0.2428595964211747
1652390091.762983,-0.24278548940584022
1652390091.8532653,-0.24265038796177654
1652390091.9507415,-0.24264143949481806
1652390092.0378058,-0.24245075176805123
1652390092.1368988,-0.24193920213267223
1652390092.3117175,-0.24159292396441262
1652390092.3616557,-0.24129302435008862
1652390092.4337509,-0.2414235473650164
1652390092.5240262,-0.2415745043379888
1652390092.622151,-0.2413571998837458
1652390092.708658,-0.24059293333323858
1652390092.807961,-0.24061324735729997
1652390092.9162412,-0.24055218078751903
1652390093.0044308,-0.24024412147444366
1652390093.1039426,-0.2404989747371614
1652390093.1917913,-0.24084580918406415
1652390093.2918289,-0.2414399217733445
1652390093.377996,-0.24243551230770358
1652390093.4761932,-0.24341085483755945
1652390093.6436253,-0.24395489714798163
1652390093.7058628,-0.24408522333591104
1652390093.7732894,-0.24367773932272196
1652390093.8608742,-0.24347710226453534
1652390093.9597323,-0.24345853990215177
1652390094.0471172,-0.24373491349610435
1652390094.146061,-0.24398975783822663
1652390094.2346818,-0.24364316483998966
1652390094.3426468,-0.24321975318160335
1652390094.4432359,-0.2425492495317722
1652390094.530393,-0.2426580266411983
1652390094.6288416,-0.24328740489442563
1652390094.7151816,-0.24391873513385398
1652390094.814503,-0.2442585517347799
1652390094.913912,-0.24449148581486113
1652390095.000952,-0.24517489794223724
1652390095.099537,-0.2456832187877139
1652390095.2124753,-0.24562293460035306
1652390095.300279,-0.2456496739879845
1652390095.3883152,-0.24588387581579466
1652390095.4855733,-0.2463261155919958
1652390095.5745928,-0.24631096718527715
1652390095.6746397,-0.2460111317543461
1652390095.7611208,-0.24601114278084446
1652390095.8683696,-0.24582279010538724
1652390095.968359,-0.24505595048647402
1652390096.0662973,-0.24375691322994106
1652390096.1540008,-0.2428611749255976
1652390096.2525756,-0.24259269519370794
1652390096.3428898,-0.24209720132977994
1652390096.440921,-0.24143584267463564
1652390096.5306258,-0.2403821117515178
1652390096.6384513,-0.2394502837354274
1652390096.7259915,-0.23867774938523814
1652390096.82467,-0.23835738886865715
1652390096.9139352,-0.237930960526959
1652390097.0112324,-0.23730214113462336
1652390097.0993676,-0.23818985755696426
1652390097.2106397,-0.2388400303399413
1652390097.3082256,-0.2397506168446981
1652390097.398599,-0.2407246893640351
1652390097.4970765,-0.24161424064929626
1652390097.5861967,-0.2418770224144402
1652390097.6825905,-0.24193361305430375
1652390097.7716684,-0.2422392929726307
1652390097.8801723,-0.24245511963139812
1652390097.9801905,-0.24300631311556278
1652390098.0678258,-0.24387959599736095
1652390098.1659813,-0.2444384083360125
1652390098.255169,-0.24463932091369223
1652390098.353612,-0.24470542671395237
1652390098.4441843,-0.24493559351284658
1652390098.5400727,-0.24537348377376872
1652390098.6602705,-0.24549186447952392
1652390098.736262,-0.24561840504843593
1652390098.8328614,-0.24590656560881677
1652390098.9237165,-0.24606949179342813
1652390099.021465,-0.2461498500930655
1652390099.1073635,-0.24607071138678674
1652390099.2076669,-0.24590766414516674
1652390099.376887,-0.24550065036220461
1652390099.4237864,-0.24559539303534175
1652390099.5023508,-0.24587969980225763
1652390099.5889387,-0.2464262705177465
1652390099.7859306,-0.24688170451165828
1652390099.832218,-0.24725770975534342
1652390099.8880074,-0.24722815384070293
1652390099.9832926,-0.24682862053650864
1652390100.07207,-0.24698936060244422
1652390100.1697567,-0.2473294900313897
1652390100.2571163,-0.2474159402429193
1652390100.3553777,-0.24768294437740065
1652390100.4427104,-0.24774013964788535
1652390100.6046576,-0.24746603681434937
1652390100.652402,-0.24746523047515845
1652390100.7402856,-0.24729085013296953
1652390100.8396902,-0.24728865258098123
1652390100.927022,-0.2471308283565439
1652390101.0247974,-0.24713319932069786
1652390101.1342525,-0.2469738842777841
1652390101.2223902,-0.24692215803852247
1652390101.3227062,-0.24695507271301737
1652390101.409671,-0.24727377495024971
1652390101.507636,-0.24725399743083562
1652390101.59569,-0.24767052339667275
1652390101.694247,-0.24780721235816844
1652390101.7920554,-0.2477115541472641
1652390101.895001,-0.247864610595518
1652390101.988644,-0.247684670077838
1652390102.077141,-0.2470898952160695
1652390102.1644611,-0.24641868696037153
1652390102.2722573,-0.2462220897112328
1652390102.3708725,-0.24580064517128503
1652390102.468694,-0.24579286365381925
1652390102.5561724,-0.24613263175436012
1652390102.6548262,-0.24677193855162016
1652390102.743576,-0.24696546230379537
1652390102.8432364,-0.24689751557812892
1652390102.9418783,-0.24702413061557177
1652390103.028328,-0.24742191932942834
1652390103.127199,-0.24811321231098124
1652390103.218145,-0.24841997221013085
1652390103.3275864,-0.24843740116218635
1652390103.4165888,-0.2484605703999469
1652390103.5121515,-0.248631297355226
1652390103.6119144,-0.2490063374134306
1652390103.7005148,-0.2478876605234865
1652390103.7872322,-0.24697965148121753
1652390103.8861828,-0.24534582780433142
1652390104.0878067,-0.2446960858918911
1652390104.1310744,-0.24473083253465203
1652390104.1822166,-0.24503360097526125
1652390104.2711687,-0.24523633359900915
1652390104.370315,-0.24579566663054062
1652390104.4588792,-0.24588798773309017
1652390104.6006756,-0.24562761068032396
1652390104.6625128,-0.24534545767380886
1652390104.7523968,-0.2454385898342471
1652390104.850069,-0.24590015389026562
1652390104.938283,-0.2460975897107453
1652390105.0358634,-0.2460694656726629
1652390105.1243804,-0.24633362197389205
1652390105.2263334,-0.2463475659743411
1652390105.4194462,-0.2464164714805542
1652390105.460315,-0.24641785469532204
1652390105.5214262,-0.2462492999999396
1652390105.6094005,-0.24607051851294703
1652390105.6975734,-0.24564367277504456
1652390105.7960734,-0.24508464030136057
1652390105.9049835,-0.24426182760152876
1652390105.9940329,-0.243612317157913
1652390106.092553,-0.24286445297753118
1652390106.1905916,-0.2424741501173753
1652390106.2776582,-0.24212959289393696
1652390106.3756847,-0.24184415711774496
1652390106.463582,-0.24168257871514803
1652390106.6487815,-0.24152642207966787
1652390106.6990962,-0.2413646037535594
1652390106.7608078,-0.241152886531275
1652390106.8602822,-0.24081855553912243
1652390106.9475915,-0.2407620789340284
1652390107.0463102,-0.24098549969958138
1652390107.1352854,-0.24160807352910998
1652390107.2441537,-0.24233496639313887
1652390107.3338287,-0.24239912354109577
1652390107.4311373,-0.24232452160959392
1652390107.518511,-0.24244830155948863
1652390107.6182415,-0.2426464102306705
1652390107.706282,-0.24270545936646531
1652390107.8056152,-0.24309732122348437
1652390107.9797063,-0.24369410535933123
1652390108.020502,-0.24435079700108026
1652390108.1025,-0.24469187755117688
1652390108.198367,-0.24467886001352537
1652390108.2849667,-0.2444870567975222
1652390108.375101,-0.2446876323612352
1652390108.473799,-0.24505356624216673
1652390108.5639598,-0.24511605280295715
1652390108.6725004,-0.2453191175029383
1652390108.7681437,-0.24529032058111905
1652390108.8680685,-0.24542685647622173
1652390108.9570553,-0.24577164209842822
1652390109.045186,-0.24592220615736035
1652390109.14367,-0.2459093358927556
1652390109.232957,-0.24574075925447497
1652390109.4118352,-0.24552024580578571
1652390109.4560149,-0.2454302207275367
1652390109.525774,-0.24488700394763033
1652390109.628369,-0.24435637486027603
1652390109.7182713,-0.24360022582431895
1652390109.8261704,-0.24250537985662973
1652390109.913154,-0.2416596525998372
1652390110.0120564,-0.24111715026355027
1652390110.1019297,-0.24051754579982
1652390110.1980839,-0.24033680673632224
1652390110.2859764,-0.24081499366794568
1652390110.3868947,-0.24130928632027418
1652390110.493452,-0.24186690045876355
1652390110.5825589,-0.24244184956503842
1652390110.6844919,-0.24307353559821607
1652390110.7711523,-0.2436641810960923
1652390110.8699355,-0.2441920623003289
1652390110.9586895,-0.24441044850652524
1652390111.1544685,-0.244904804359833
1652390111.1958678,-0.24537483921513537
1652390111.2553651,-0.2459917225972103
1652390111.4611895,-0.24654667481611686
1652390111.5075672,-0.24706385134251224
1652390111.5514657,-0.24730495881890358
1652390111.6283653,-0.2474548941541381
1652390111.7682488,-0.24710467458113064
1652390111.8326132,-0.2470729727864845
1652390111.9213374,-0.2470782208582664
1652390112.1761863,-0.2472600121767197
1652390112.2032635,-0.2470785428042848
1652390112.4848237,-0.24659611727801845
1652390112.5130565,-0.24609095670407063
1652390112.5890849,-0.24599797975515972
1652390112.6882699,-0.2463357589639143
1652390112.7788787,-0.2463621880001125
1652390112.8737895,-0.24657432354574074
1652390112.9604158,-0.24680201833485918
1652390113.0980186,-0.24730117888372205
1652390113.1712403,-0.2477236687369515
1652390113.2589781,-0.24808799075410173
1652390113.3564389,-0.2483563198969014
1652390113.444349,-0.2484542441297637
1652390113.5425038,-0.24857806369441138
1652390113.6409285,-0.2482808980035754
1652390113.7288218,-0.24798362725296827
1652390113.8281646,-0.2479655983326434
1652390113.916922,-0.24801141738962273
1652390114.1213338,-0.2477998590083655
1652390114.1778758,-0.24767172977704055
1652390114.223503,-0.2480674288008032
1652390114.3020134,-0.24830672482733726
1652390114.4005046,-0.24878335594850537
1652390114.4894714,-0.2486381783459198
1652390114.6003737,-0.24858164172498118
1652390114.696281,-0.24841485962880797
1652390114.7852135,-0.24857479778746241
1652390114.8879128,-0.24842337703254902
1652390114.9725113,-0.24843282495189284
1652390115.0801318,-0.24836193786272306
1652390115.1700432,-0.2480164190761583
1652390115.2696283,-0.2478272929177228
1652390115.367717,-0.24759165688685839
1652390115.4555438,-0.24750683377102278
1652390115.555127,-0.24706401102272885
1652390115.6434188,-0.24671766868523343
1652390115.7402203,-0.24603204140992438
1652390115.830619,-0.24524321020129264
1652390115.9271612,-0.2448469433505343
1652390116.0168924,-0.24458788087417063
1652390116.1703749,-0.24453620079735128
1652390116.221803,-0.24469263412228276
1652390116.3745232,-0.24483255666363282
1652390116.4180648,-0.2448636223033901
1652390116.5000846,-0.24475998277143104
1652390116.5969124,-0.24442789200418338
1652390116.7059183,-0.24387310405929563
1652390116.795414,-0.2440550018722388
1652390116.8924327,-0.24438141475880898
1652390116.9812477,-0.24467420343258173
1652390117.0699751,-0.24487888799559734
1652390117.1698463,-0.2451504098492464
1652390117.2770681,-0.24573361173362646
1652390117.3648746,-0.24584252372140006
1652390117.4635413,-0.24603417425771626
1652390117.5554523,-0.24599869120457366
1652390117.6511884,-0.24602132532418808
1652390117.7409527,-0.2464772843632109
1652390117.911292,-0.24708615156536276
1652390117.9560852,-0.24708108067507226
1652390118.0368638,-0.24703563685147759
1652390118.1350188,-0.24708424963724143
1652390118.2256866,-0.24729757311561906
1652390118.3126042,-0.2476784748073965
1652390118.411299,-0.24803909990686324
1652390118.6277463,-0.24834957807321814
1652390118.630403,-0.24801104192865536
1652390118.7061374,-0.2473834063003562
1652390118.8051965,-0.24676155520076964
1652390118.8931365,-0.24628447951217936
1652390118.990401,-0.24571928528654613
1652390119.077906,-0.24559338770470082
1652390119.1782675,-0.24556562409525737
1652390119.267971,-0.24556795025539818
1652390119.4480062,-0.24511733304152672
1652390119.4760723,-0.24512361919667297
1652390119.5662377,-0.24533503551074642
1652390119.6519208,-0.24542811848631665
1652390119.8573163,-0.24550607592031015
1652390119.865937,-0.24557122642229978
1652390119.9510577,-0.24546766244630316
1652390120.0474365,-0.24551604454810666
1652390120.1363742,-0.24575059558629672
1652390120.235705,-0.2453647107046629
1652390120.3239243,-0.24495726229213027
1652390120.4115372,-0.24457291998571642
1652390120.5731933,-0.2439326679114688
1652390120.6189067,-0.24338760637628815
1652390120.7095575,-0.24295584261446856
1652390120.8058858,-0.24286202918916316
1652390120.9042635,-0.2424247639796245
1652390120.9920025,-0.24211631709589218
1652390121.083981,-0.24180731265492295
1652390121.1805685,-0.24170564440121028
1652390121.3947227,-0.24121431721964687
1652390121.3970742,-0.24075182261090608
1652390121.4746165,-0.24026236281988925
1652390121.5729406,-0.23973483185468056
1652390121.6627228,-0.23953625420639724
1652390121.7624478,-0.23954503538792316
1652390121.8496137,-0.2393616007822099
1652390121.947188,-0.23928109432878258
1652390122.045622,-0.23924860089780528
1652390122.1362443,-0.23900667131307307
1652390122.3150175,-0.23924483584214784
1652390122.341063,-0.2394766668127478
1652390122.4306314,-0.23996156339071312
1652390122.5179863,-0.24053006855232514
1652390122.7244155,-0.24075114993961025
1652390122.7458246,-0.2414192163599733
1652390122.8122916,-0.2418746778807345
1652390122.9119437,-0.24269185161139759
1652390123.001784,-0.24347151775957102
1652390123.0994923,-0.2442404688418428
1652390123.1867151,-0.24454904503416863
1652390123.2868044,-0.2448294274479746
1652390123.3967354,-0.24472279908164102
1652390123.4847465,-0.24467160035317764
1652390123.5829945,-0.24496651085059054
1652390123.6699345,-0.24477064323691416
1652390123.7694151,-0.2450206294368233
1652390123.8603866,-0.24481921718089591
1652390123.9587972,-0.24453825416544775
1652390124.069118,-0.24465512766448075
1652390124.1555717,-0.24487996296638753
1652390124.2420897,-0.24503133636023916
1652390124.3393943,-0.24488389992876422
1652390124.4332364,-0.2449692697548992
1652390124.5283186,-0.24472330756395427
1652390124.6157317,-0.24425622538772923
1652390124.7338026,-0.24399568092972254
1652390124.8229895,-0.24377320866169241
1652390124.9211028,-0.24433435965515019
1652390125.0104244,-0.24437764575186757
1652390125.10884,-0.24471665403808832
1652390125.2003314,-0.24549989102511818
1652390125.2959914,-0.24581940095066088
1652390125.3947496,-0.2457232294605942
1652390125.4950562,-0.24527053518846106
1652390125.5832458,-0.2451324864225911
1652390125.6804698,-0.24465657608376937
1652390125.7705908,-0.24392873499129672
1652390125.8999648,-0.2436979721404447
1652390125.9574687,-0.24342499087436167
1652390126.1036966,-0.24295210457298583
1652390126.164627,-0.24242289020852992
1652390126.257638,-0.24215272984600245
1652390126.3515182,-0.24184223583454667
1652390126.4395025,-0.24203672658712008
1652390126.537078,-0.24186816405857361
1652390126.636999,-0.2414173932376936
1652390126.7352974,-0.24170864982019005
1652390126.8227992,-0.24176806100749945
1652390126.9218554,-0.24181401609981568
1652390127.0091157,-0.2418091531897016
1652390127.1077871,-0.24195691173967218
1652390127.1983938,-0.2423770112374906
1652390127.3322814,-0.24251348027278866
1652390127.4041593,-0.24278013284986774
1652390127.4923334,-0.24343859658148181
1652390127.5890822,-0.24386127257890455
1652390127.6783297,-0.24392036882878446
1652390127.7797313,-0.24423410416699745
1652390127.8674831,-0.2445117110080082
1652390127.9744241,-0.24468681463587993
1652390128.0743284,-0.24478838256461743
1652390128.1624012,-0.24504150218848444
1652390128.261701,-0.24530148203791055
1652390128.350927,-0.24544129113675092
1652390128.4484668,-0.2454012409022718
1652390128.5361443,-0.24550906364159056
1652390128.6351073,-0.24533287724825656
1652390128.7434192,-0.2453848203702479
1652390128.84708,-0.24547194459824245
1652390128.9312944,-0.2455478669326826
1652390129.027741,-0.2455220566469419
1652390129.1156795,-0.2453682122839852
1652390129.2152324,-0.24542957774877433
1652390129.3037972,-0.2457100647765825
1652390129.401711,-0.24609155728970752
1652390129.5871382,-0.2460087260406916
1652390129.6296453,-0.2459453956259189
1652390129.6969311,-0.2460101865717106
1652390129.7889826,-0.24578842166816098
1652390129.8833292,-0.24566698513949417
1652390129.9721038,-0.24564492255405934
1652390130.0695512,-0.24520912710555298
1652390130.1578162,-0.24484633623459934
1652390130.4044642,-0.24423572306420577
1652390130.4574258,-0.24349543446414568
1652390130.548103,-0.24273171323738565
1652390130.6478937,-0.24234337467916955
1652390130.7365704,-0.24239749467729174
1652390130.8349767,-0.24233259422307138
1652390131.0205688,-0.2425506753623132
1652390131.0319273,-0.2425854926280621
1652390131.130969,-0.24225231896171565
1652390131.2173529,-0.24195546498604303
1652390131.3166947,-0.24187221225959257
1652390131.4038222,-0.2420557639772072
1652390131.5164154,-0.24187159568999195
1652390131.6102579,-0.24199824849588453
1652390131.7017527,-0.24184056298854326
1652390131.7985601,-0.24173228809136293
1652390131.8856583,-0.24193171289452892
1652390131.9839916,-0.24104138384697107
1652390132.0719185,-0.24044982417833483
1652390132.1713698,-0.24053535583582253
1652390132.27852,-0.24075895568934158
1652390132.36693,-0.24051984355844594
1652390132.4658198,-0.23997287424076244
1652390132.5530927,-0.2401577625754634
1652390132.6560328,-0.24023589861110772
1652390132.7408307,-0.24081494801663683
1652390132.848272,-0.24131226878622694
1652390132.9453232,-0.24194445035586065
1652390133.0348663,-0.24266551965649935
1652390133.1325028,-0.24312813377467304
1652390133.2189384,-0.24364270361183302
1652390133.3199093,-0.2439233798773624
1652390133.4271877,-0.24463827992882273
1652390133.517582,-0.2452711949050652
1652390133.6143842,-0.24548197865350133
1652390133.7124605,-0.2457652739737438
1652390133.8004467,-0.24574212335045909
1652390133.9016514,-0.24583810454491564
1652390133.989928,-0.24588168432911803
1652390134.0892777,-0.24505318177551222
1652390134.174584,-0.24430741739660136
1652390134.2742996,-0.24346208520020116
1652390134.382491,-0.24278367113596844
1652390134.4722223,-0.24199782173785717
1652390134.56887,-0.2416397590586099
1652390134.658979,-0.24129182565243473
1652390134.755332,-0.24122293263648656
1652390134.844881,-0.241420486828247
1652390134.9436045,-0.24150642950181514
1652390135.1145575,-0.24150542460991295
1652390135.162812,-0.24222484249763393
1652390135.2377727,-0.24312525443068705
1652390135.3292358,-0.24378271909864738
1652390135.4256642,-0.24412138553971038
1652390135.5363226,-0.24448465668937222
1652390135.6238384,-0.24459936230534918
1652390135.7098975,-0.24492854566692357
1652390135.8081255,-0.2451453964221194
1652390135.8968344,-0.24500040787709454
1652390135.998886,-0.2449223261959331
1652390136.1401074,-0.24452208039991558
1652390136.1929545,-0.24465797002896303
1652390136.288727,-0.24501578570041682
1652390136.3787923,-0.24506998960507712
1652390136.477144,-0.24506777074477068
1652390136.5643666,-0.2454613002326933
1652390136.6753163,-0.2456943254893992
1652390136.7740934,-0.2457140849582515
1652390136.8607621,-0.24590232244821392
1652390136.9593823,-0.2456760317562481
1652390137.048449,-0.2458190261548849
1652390137.145744,-0.24584371474770458
1652390137.234577,-0.2460577451398169
1652390137.368002,-0.24648128057783505
1652390137.431431,-0.2464643009916072
1652390137.53025,-0.2460707477823558
1652390137.6177952,-0.24605951905337706
1652390137.7166765,-0.24602155193317005
1652390137.8058195,-0.24604188126232523
1652390137.904238,-0.24624407805953313
1652390138.0123296,-0.24643130441834454
1652390138.0989807,-0.2467030643635139
1652390138.1999292,-0.2463885249860826
1652390138.2886574,-0.246190652358551
1652390138.3855486,-0.24572355660982495
1652390138.474359,-0.24536447953557483
1652390138.5729682,-0.24521557724764143
1652390138.6998813,-0.24510025947490036
1652390138.7701843,-0.24498157609459495
1652390138.8682327,-0.245234862079535
1652390138.9571989,-0.24554262609830874
1652390139.1074646,-0.24580950581515015
1652390139.1519487,-0.24603380236963368
1652390139.241794,-0.24657052067962099
1652390139.3530447,-0.24689554047632062
1652390139.4417486,-0.24768899326743227
1652390139.5361533,-0.2471714256575899
1652390139.6278827,-0.24662048252271285
1652390139.727902,-0.24615381833001895
1652390139.813077,-0.24625055954817088
1652390139.912811,-0.24633580655839157
1652390140.0011787,-0.24623162145216884
1652390140.1311104,-0.24617173396526038
1652390140.2079403,-0.2462198817432486
1652390140.2958074,-0.24628860646112105
1652390140.3946683,-0.24622514177697413
1652390140.4824739,-0.2467036342446959
1652390140.571176,-0.24736097481996056
1652390140.7451055,-0.24878816098667766
1652390140.7914522,-0.24820038839440112
1652390140.868964,-0.24956014434914717
1652390140.9719713,-0.25067160147372397
1652390141.0585558,-0.25190769581993205
1652390141.1553097,-0.2533193159351483
1652390141.2448504,-0.2541639685447742
1652390141.3552473,-0.2561783769286141
1652390141.4525928,-0.25842346180305903
1652390141.545602,-0.2587704012244871
1652390141.6397269,-0.260488253225877
1652390141.7264977,-0.2614917213567252
1652390141.814046,-0.2623916197483565
1652390141.9123921,-0.26379992335157665
1652390142.0770688,-0.2660160905977243
1652390142.1191237,-0.266241209569258
1652390142.2067392,-0.2674433760521027
1652390142.3050702,-0.2685943053408282
1652390142.3940973,-0.2685258169490602
1652390142.4924464,-0.2695518720305298
1652390142.6909702,-0.2713773917759715
1652390142.756959,-0.2709347860382376
1652390142.800023,-0.26937164595424545
1652390142.8770275,-0.26880741072808995
1652390142.9643753,-0.2686673059525572
1652390143.0590742,-0.26825519193538216
1652390143.203628,-0.26809664677822215
1652390143.268456,-0.26713549938640496
1652390143.3568246,-0.26639133172502166
1652390143.4447348,-0.2654616995474477
1652390143.545733,-0.26459377250796096
1652390143.641404,-0.26382595035401085
1652390143.7310314,-0.26296982469303626
1652390143.8290217,-0.26226781322715836
1652390143.919588,-0.26165615038450735
1652390144.0354364,-0.2613904301785209
1652390144.124866,-0.26121228397818425
1652390144.2110696,-0.26091150872242636
1652390144.3292186,-0.2603794739374708
1652390144.3998332,-0.260155768874817
1652390144.507243,-0.25952452837686585
1652390144.6053596,-0.2590246824406814
1652390144.6942039,-0.2588582035599395
1652390144.7830546,-0.2588705135979113
1652390144.883079,-0.25900865135509954
1652390144.9698925,-0.2586308665372008
1652390145.0687876,-0.2582035176638539
1652390145.1559134,-0.25783550037079644
1652390145.3542914,-0.25748610798588395
1652390145.3987994,-0.2568456414051566
1652390145.4682176,-0.2577001861368713
1652390145.5518115,-0.25864842158265766
1652390145.6404514,-0.2590141169428989
1652390145.7424095,-0.25988426337518356
1652390145.8651175,-0.26154229954678354
1652390145.9359148,-0.2619885958833924
1652390146.0349574,-0.26297725289462887
1652390146.122066,-0.2637595700498017
1652390146.2223632,-0.26423881725475323
1652390146.3097808,-0.2641314352445995
1652390146.4088047,-0.2644941636800109
1652390146.4974062,-0.2648361809055258
1652390146.6055555,-0.2655657668959891
1652390146.7055683,-0.2661752582347565
1652390146.7922418,-0.26650686073413477
1652390146.891846,-0.26678200582932715
1652390146.981112,-0.267507081401305
1652390147.077965,-0.2678300217032205
1652390147.1879942,-0.26852124538448086
1652390147.275859,-0.2685104643882065
1652390147.3764977,-0.26821168477711177
1652390147.4619484,-0.26660665406670125
1652390147.5608616,-0.2660014864575624
1652390147.6545033,-0.265285373045106
1652390147.7479773,-0.2642088989327447
1652390147.8357432,-0.26315308681946803
1652390147.9340577,-0.2627461716655968
1652390148.0440204,-0.2625407457835343
1652390148.1340687,-0.2619491801719166
1652390148.2302032,-0.2611018418498997
1652390148.3175805,-0.2605844213566984
1652390148.4155781,-0.26005156328715606
1652390148.5043159,-0.2597582716380914
1652390148.6026106,-0.2588142121651496
1652390148.732939,-0.2592509727319892
1652390148.8085241,-0.2589330250935553
1652390148.897914,-0.25962061811338916
1652390148.9975655,-0.2604314613856223
1652390149.086143,-0.2611200176550463
1652390149.176481,-0.26213068488558305
1652390149.2728386,-0.2629796529464839
1652390149.4518967,-0.26440455884940844
1652390149.4941652,-0.2640549855363024
1652390149.5672984,-0.26400913605695897
1652390149.6553214,-0.26394751165596547
1652390149.7576535,-0.2638911822057568
1652390149.8530574,-0.2631313707705752
1652390150.0642881,-0.2629190914668474
1652390150.0691535,-0.26196331328346123
1652390150.1373978,-0.261171575805032
1652390150.2383764,-0.2605214601617947
1652390150.3259928,-0.2600609088350536
1652390150.423635,-0.2596086315598326
1652390150.578084,-0.25930237276992146
1652390150.621124,-0.25875255623094884
1652390150.7215624,-0.25870774275687175
1652390150.808823,-0.25843729530217074
1652390150.90823,-0.2580258304863774
1652390150.996286,-0.25772718869903216
1652390151.084591,-0.25760900774913986
1652390151.2923257,-0.25736689467164725
1652390151.2948532,-0.2574963710602714
1652390151.3782954,-0.25750113216822357
1652390151.4760652,-0.25744029852315403
1652390151.5657003,-0.25713104308311563
1652390151.701234,-0.2569865508700054
1652390151.7709057,-0.2566884088819238
1652390151.8617039,-0.2562669539970488
1652390151.9610178,-0.25581614970547484
1652390152.0500064,-0.2552269175197309
1652390152.1475832,-0.2544525697434869
1652390152.2351742,-0.2539792622263103
1652390152.3349154,-0.2537660994736152
1652390152.4240766,-0.2537037833516375
1652390152.5208752,-0.2533344214109151
1652390152.6240485,-0.2531032616227409
1652390152.728413,-0.252695095839899
1652390152.818287,-0.2521416957327607
1652390152.9149008,-0.251884814074136
1652390153.0036743,-0.2516186100105554
1652390153.0930147,-0.2514823787033477
1652390153.1924787,-0.25123766621512844
1652390153.4455492,-0.2514193735971867
1652390153.4908814,-0.25169642541588383
1652390153.5810897,-0.252085051164322
1652390153.6790538,-0.25251667866955035
1652390153.76848,-0.25271045401340186
1652390153.8675687,-0.2525178407704628
1652390153.955998,-0.2524715924611639
1652390154.1646345,-0.25256825959428525
1652390154.1699998,-0.25260443223932627
1652390154.248635,-0.25293002236810397
1652390154.3490956,-0.2530483636839043
1652390154.4369469,-0.2531126898765407
1652390154.5350068,-0.25316986625399157
1652390154.6233428,-0.25333576996014895
1652390154.7220457,-0.2535003582665731
1652390154.810385,-0.2536271487615841
1652390154.9202342,-0.25364966878571216
1652390155.0211034,-0.2536414295577679
1652390155.1088424,-0.25354455076302057
1652390155.2056665,-0.2533736146490759
1652390155.2959313,-0.2527446618787061
1652390155.3935776,-0.25213166942001164
1652390155.4810648,-0.2517048323670383
1652390155.6992502,-0.2513153678749215
1652390155.7034717,-0.250956274623127
1652390155.779994,-0.2508262006135789
1652390155.8777874,-0.25083887020768075
1652390155.9677424,-0.2506268702764907
1652390156.063516,-0.2504912196487232
1652390156.153185,-0.25055294705365205
1652390156.2501593,-0.2504396312630268
1652390156.341684,-0.25028697184992443
1652390156.5149934,-0.25008639931591675
1652390156.544764,-0.24968414615734308
1652390156.6332574,-0.24961335260674164
1652390156.7324705,-0.24968488938414327
1652390156.8208833,-0.24978027709468703
1652390156.9184144,-0.2498331679096055
1652390157.0172236,-0.250270759481137
1652390157.2338748,-0.2505647389707909
1652390157.2384782,-0.25095565520771074
1652390157.3003807,-0.25124144679040455
1652390157.4010904,-0.2516471928092133
1652390157.4883564,-0.2518904832319328
1652390157.641635,-0.25195068977175983
1652390157.6959317,-0.2520331987438834
1652390157.784193,-0.2519948722262967
1652390157.882746,-0.2518954192454564
1652390157.97182,-0.2518804608581856
1652390158.069057,-0.2520725454053274
1652390158.1610117,-0.2517896127597508
1652390158.2558253,-0.25174808463094017
1652390158.3561125,-0.2518290731244779
1652390158.4630718,-0.251864408923512
1652390158.5520134,-0.251822047756954
1652390158.6384752,-0.25174409877393394
1652390158.7368097,-0.25173489745133276
1652390158.8378518,-0.2515719386973302
1652390158.9256883,-0.25149220403950245
1652390159.0246766,-0.25135076369712533
1652390159.1117966,-0.25069123739259813
1652390159.2125287,-0.25038104682723983
1652390159.322467,-0.25013133463298964
1652390159.4115255,-0.25002751855301303
1652390159.5074444,-0.25002102510331176
1652390159.597198,-0.2500642911592834
1652390159.697396,-0.25022069355278775
1652390159.7841728,-0.2503174993129955
1652390159.8953447,-0.2504511201484834
1652390159.98423,-0.25053365377040315
1652390160.0811594,-0.2505855473425836
1652390160.180249,-0.25076306532653453
1652390160.2668922,-0.25089386673631886
1652390160.365243,-0.2511667579921403
1652390160.4532375,-0.25118294879040876
1652390160.5539184,-0.251352641519106
1652390160.643684,-0.25152479883777373
1652390160.8185263,-0.25160239255104416
1652390160.8657224,-0.25159400930848225
1652390160.9363422,-0.2516390369073166
1652390161.0358887,-0.25173087888290674
1652390161.1245239,-0.25186200045836143
1652390161.2266877,-0.25169366430947915
1652390161.3108368,-0.2517121338579894
1652390161.4088726,-0.2518277565692497
1652390161.534448,-0.2520343406853868
1652390161.6078248,-0.25210929045456426
1652390161.7050736,-0.2523689464799281
1652390161.7925992,-0.2524691083214417
1652390161.8926294,-0.2526107981930872
1652390161.9812431,-0.252619452711256
1652390162.0805213,-0.25263443627388094
1652390162.17722,-0.25202299626688984
1652390162.2770073,-0.2517351882093658
1652390162.3659434,-0.2517350529002774
1652390162.4647741,-0.2515231585480474
1652390162.5570912,-0.2513590918380389
1652390162.6615303,-0.2512544739818733
1652390162.7604918,-0.2512757875345272
1652390162.8488507,-0.2516449839855155
1652390162.9477475,-0.2517158402150253
1652390163.0356228,-0.2517614893333539
1652390163.1361384,-0.2518303320674201
1652390163.2196107,-0.2519673196481751
1652390163.3769329,-0.2523313494304235
1652390163.4275966,-0.25261761976631697
1652390163.5147753,-0.25276177474901274
1652390163.6131,-0.2528605401956622
1652390163.7026591,-0.2527737392473967
1652390163.8038416,-0.25275711815429996
1652390163.9084115,-0.25275968936580534
1652390163.9973488,-0.25269768609741333
1652390164.0953214,-0.25215885337014265
1652390164.1824474,-0.25211131773482853
1652390164.280503,-0.25192080763746255
1652390164.3702416,-0.2521220876136243
1652390164.5035267,-0.2521733286876292
1652390164.575416,-0.25223011004797435
1652390164.665186,-0.25239576667554653
1652390164.7628882,-0.2524278141390811
1652390164.8497183,-0.2525786257032869
1652390164.949172,-0.2526863134624344
1652390165.0385716,-0.2525861176011635
1652390165.1465526,-0.2525754060741694
1652390165.2456741,-0.25250754404771486
1652390165.332784,-0.25187866080829374
1652390165.4315178,-0.2515809554579251
1652390165.5197124,-0.2516162505843411
1652390165.6099813,-0.25157555618965
1652390165.733848,-0.2515198889142527
1652390165.8152046,-0.25133968012905616
1652390165.903837,-0.251471989764633
1652390166.0027285,-0.2517020505895048
1652390166.0919654,-0.2519222763770458
1652390166.1903791,-0.2520543884254569
1652390166.279917,-0.2516978951277879
1652390166.3772876,-0.25166981944574407
1652390166.4868371,-0.25192803087860877
1652390166.575251,-0.25223690501475954
1652390166.6745846,-0.25255293465623213
1652390166.7630837,-0.25268703060072695
1652390166.8604786,-0.2521670163689969
1652390166.9502864,-0.2514964546328033
1652390167.0480163,-0.2513006200434156
1652390167.1648223,-0.25121045041515194
1652390167.2458484,-0.2515025327225525
1652390167.345097,-0.25175900974332466
1652390167.4316332,-0.2519697707791278
1652390167.5317245,-0.2519723822297157
1652390167.6296217,-0.2520309057552101
1652390167.7198446,-0.25204398764030417
1652390167.8166187,-0.25225881729830113
1652390167.903933,-0.2523264303448967
1652390168.0142162,-0.25219671485703116
1652390168.1029117,-0.25209405627414405
1652390168.200583,-0.2522271203344146
1652390168.2907412,-0.25213333304354413
1652390168.3859699,-0.25222379118608074
1652390168.4853635,-0.25221688169165074
1652390168.5719092,-0.2522835097248986
1652390168.6817894,-0.25226094894196377
1652390168.7702396,-0.2522526644398462
1652390168.8705118,-0.2522030783219394
1652390168.9569087,-0.2521470208588583
1652390169.0558493,-0.25185559641817534
1652390169.143668,-0.25198611697025125
1652390169.3178575,-0.25227394927607744
1652390169.3642392,-0.2524112319988171
1652390169.4395742,-0.25266758390949556
1652390169.540569,-0.2529837266770272
1652390169.6355987,-0.2533829000332523
1652390169.7269065,-0.25363111806093475
1652390169.815657,-0.25377040801561135
1652390169.913913,-0.2540398322428674
1652390170.0346875,-0.2540567642035302
1652390170.1122434,-0.25385247621783374
1652390170.2097278,-0.25373366504544104
1652390170.2987566,-0.2535999482926066
1652390170.3969555,-0.25333180334006455
1652390170.4861064,-0.25321100232026755
1652390170.5852017,-0.2530055599057
1652390170.674163,-0.2528676786232377
1652390170.78315,-0.2528598215089899
1652390170.8841639,-0.2525660432954391
1652390170.9710088,-0.2524773263419885
1652390171.0691137,-0.25251432689274944
1652390171.1568484,-0.25247102688675865
1652390171.2557547,-0.25253340241759187
1652390171.364218,-0.2526322765880692
1652390171.4530776,-0.2527912196060712
1652390171.5515523,-0.2528797448123376
1652390171.639684,-0.2529084456493332
1652390171.7383428,-0.25304213786755375
1652390171.8264003,-0.25324780056436463
1652390171.914895,-0.2534276720046291
1652390172.011246,-0.25365844888369565
1652390172.1220214,-0.2537528345858533
1652390172.2202218,-0.25375799141421873
1652390172.3110676,-0.2533293374390079
1652390172.4080853,-0.2530968206265966
1652390172.496574,-0.2530821822068417
1652390172.595094,-0.25295897947551693
1652390172.6826804,-0.25288783171684703
1652390172.7813768,-0.25282900800137326
1652390172.8889754,-0.25264670638104136
1652390172.9778428,-0.25270710859789997
1652390173.0787597,-0.25262158408166996
1652390173.1674144,-0.252864563391967
1652390173.255844,-0.25305667254939446
1652390173.346897,-0.25314265092265287
1652390173.4562945,-0.2531196609208637
1652390173.5537183,-0.2533454089224413
1652390173.6427174,-0.2535806539193965
1652390173.7414482,-0.2539920280513172
1652390173.8295324,-0.25418231014529935
1652390173.931412,-0.25455200606542505
1652390174.0266628,-0.25492200391950426
1652390174.114547,-0.25503156116691666
1652390174.2310898,-0.2550958307443827
1652390174.3124158,-0.25531475533826736
1652390174.4097598,-0.25538761535362703
1652390174.5075426,-0.2553945788032701
1652390174.5962431,-0.2553433869279169
1652390174.695529,-0.2549484095761518
1652390174.784354,-0.2547123893628343
1652390174.8817797,-0.25425046177700106
1652390174.9920294,-0.25385028366418166
1652390175.0798666,-0.25350605391336006
1652390175.1788077,-0.2532437770065044
1652390175.266322,-0.25279184992461173
1652390175.3559613,-0.25244029956112657
1652390175.4541442,-0.25238236016731563
1652390175.5635903,-0.2524609591676779
1652390175.664094,-0.25245305948368163
1652390175.7501507,-0.2525869941183521
1652390175.8496532,-0.25265588600701333
1652390175.937985,-0.2527801571452615
1652390176.0281167,-0.25295773876504085
1652390176.1259708,-0.2530926499125682
1652390176.2353497,-0.2531979263558053
1652390176.3214822,-0.2531151969256059
1652390176.4196985,-0.2532006163192174
1652390176.50701,-0.25330807220652113
1652390176.6053426,-0.25337829568367254
1652390176.6955986,-0.25353441339981314
1652390176.792652,-0.25361250047687695
1652390176.881031,-0.2535109973403691
1652390176.9927258,-0.2533497992429794
1652390177.0900295,-0.2533993690057755
1652390177.1779828,-0.2533632128964778
1652390177.278068,-0.25319547916051277
1652390177.3654041,-0.2530546045632611
1652390177.4635234,-0.25282667830741434
1652390177.5508008,-0.2528129945650335
1652390177.6604102,-0.25286614707609784
1652390177.7604609,-0.2530293572208044
1652390177.847537,-0.25298709132157526
1652390177.9436374,-0.253192890458367
1652390178.0338764,-0.2532927748329904
1652390178.1214676,-0.25345084429485787
1652390178.3272595,-0.253522591089242
1652390178.371695,-0.25351742182271875
1652390178.427102,-0.2533421877814154
1652390178.516761,-0.2531813841349596
1652390178.6144006,-0.25307615224238716
1652390178.7002246,-0.2528692562371985
1652390178.7999964,-0.2529803123896872
1652390178.889098,-0.2529813818722773
1652390179.000458,-0.25293109177387946
1652390179.0996513,-0.25293180655583236
1652390179.1952739,-0.2530193600431962
1652390179.2836883,-0.2528790461944496
1652390179.3831024,-0.25287750675877274
1652390179.472001,-0.25291425054641736
1652390179.568387,-0.25275935127234667
1652390179.6593614,-0.2524334595145802
1652390179.7576754,-0.2522428487190603
1652390179.844404,-0.25213220876406717
1652390179.9436464,-0.2520912613588073
1652390180.042783,-0.2521222353831706
1652390180.1404867,-0.2522762286076131
1652390180.2391253,-0.2525079382925981
1652390180.3727753,-0.25234362476366046
1652390180.4308922,-0.2523783325758877
1652390180.5189588,-0.2523012581609658
1652390180.6127384,-0.25171072403493067
1652390180.7235546,-0.2516344557763777
1652390180.812409,-0.2519633446152545
1652390180.910469,-0.2523804509508725
1652390180.9984536,-0.25259869266243895
1652390181.0997784,-0.25279586548103955
1652390181.1855855,-0.2527933783300567
1652390181.4002266,-0.2527912436429136
1652390181.4035075,-0.2529203705315774
1652390181.4845347,-0.2530778862438932
1652390181.5706642,-0.25305457965561756
1652390181.6681597,-0.25335432692039783
1652390181.7595332,-0.2532872775324592
1652390181.868548,-0.2530182255855262
1652390181.966635,-0.25277195590251755
1652390182.0539906,-0.2525104837249592
1652390182.15389,-0.2522479869924293
